<CMsRemoveDogs>

	<csv xpath="/entitygroups/entitygroup[@name='ZombiesNight']/text()" delim="\n" op="remove">
		animalZombieDog, .05
	</csv>

	<csv xpath="/entitygroups/entitygroup[@name='ZombiesDowntown']/text()" delim="\n" op="remove">
		animalZombieDog, .4
	</csv>

	<csv xpath="/entitygroups/entitygroup[@name='ZombiesForestDowntown']/text()" delim="\n" op="remove">
		animalZombieDog, .1
	</csv>

	<csv xpath="/entitygroups/entitygroup[@name='ZombiesForestDowntownNight']/text()" delim="\n" op="remove">
		animalZombieDog, .3
	</csv>

	<csv xpath="/entitygroups/entitygroup[@name='ZombiesWastelandDowntown']/text()" delim="\n" op="remove">
		animalZombieDog, .8
	</csv>

	<csv xpath="/entitygroups/entitygroup[@name='ZombiesWastelandNightNoBears']/text()" delim="\n" op="remove">
		animalZombieDog
	</csv>

	<csv xpath="/entitygroups/entitygroup[@name='ZombiesWastelandNight2']/text()" delim="\n" op="remove">
		animalZombieDog, .15
	</csv>

	<csv xpath="/entitygroups/entitygroup[@name='ZombiesWastelandNight2NoBears']/text()" delim="\n" op="remove">
		animalZombieDog, .15
	</csv>

	<csv xpath="/entitygroups/entitygroup[@name='ZombiesHoard']/text()" delim="\n" op="remove">
		animalZombieDog, .05
	</csv>

	<csv xpath="/entitygroups/entitygroup[@name='EnemyAnimalsSnowNight']/text()" delim="\n" op="remove">
		animalZombieDog, 5
	</csv>

	<csv xpath="/entitygroups/entitygroup[@name='EnemyAnimalsWasteland']/text()" delim="\n" op="remove">
		animalZombieDog, 15
	</csv>

	<csv xpath="/entitygroups/entitygroup[@name='feralHordeStageGS1373']/text()" delim="\n" op="remove">
		animalZombieDog
	</csv>

	<csv xpath="/entitygroups/entitygroup[@name='feralHordeStageGS1386']/text()" delim="\n" op="remove">
		animalZombieDog
	</csv>

	<csv xpath="/entitygroups/entitygroup[@name='ZombieDogGroup']/text()" delim="\n" op="remove">
		animalZombieDog
	</csv>

	<csv xpath="/entitygroups/entitygroup[@name='ZombieDogGroup']/text()" delim="\n" op="add">
		zombiePartyGirl
	</csv>

</CMsRemoveDogs>