<CMsRemoveDogs>

	<csv xpath="/entitygroups/entitygroup[@name='ZombiesNight']/text()" delim="\n" op="remove">
		animalZombieDog, .05
	</csv>
	<csv xpath="/entitygroups/entitygroup[@name='ZombiesDowntown']/text()" delim="\n" op="remove">
		animalZombieDog, .4
	</csv>
	<csv xpath="/entitygroups/entitygroup[@name='ZombiesForestDowntown']/text()" delim="\n" op="remove">
		animalZombieDog, .1
	</csv>
	<csv xpath="/entitygroups/entitygroup[@name='ZombiesForestDowntownNight']/text()" delim="\n" op="remove">
		animalZombieDog, .3
	</csv>
	<csv xpath="/entitygroups/entitygroup[@name='ZombiesWastelandDowntown']/text()" delim="\n" op="remove">
		animalZombieDog, .8
	</csv>
	<csv xpath="/entitygroups/entitygroup[@name='ZombiesWastelandNightNoBears']/text()" delim="\n" op="remove">
		animalZombieDog
	</csv>
	<csv xpath="/entitygroups/entitygroup[@name='ZombiesWastelandNight2']/text()" delim="\n" op="remove">
		animalZombieDog, .15
	</csv>
	<csv xpath="/entitygroups/entitygroup[@name='ZombiesWastelandNight2NoBears']/text()" delim="\n" op="remove">
		animalZombieDog, .15
	</csv>
	<csv xpath="/entitygroups/entitygroup[@name='ZombiesHoard']/text()" delim="\n" op="remove">
		animalZombieDog, .05
	</csv>
	<csv xpath="/entitygroups/entitygroup[@name='EnemyAnimalsSnowNight']/text()" delim="\n" op="remove">
		animalZombieDog, 5
	</csv>
	<csv xpath="/entitygroups/entitygroup[@name='EnemyAnimalsWasteland']/text()" delim="\n" op="remove">
		animalZombieDog, 15
	</csv>
	<csv xpath="/entitygroups/entitygroup[@name='ZombieDogGroup']/text()" delim="\n" op="remove">
		animalZombieDog
	</csv>
	<csv xpath="/entitygroups/entitygroup[@name='ZombieDogGroup']/text()" delim="\n" op="add">
		zombiePartyGirl
	</csv>
	<csv xpath="/entitygroups/entitygroup[@name='animalZombieDog']/text()" delim="\n" op="remove">
		animalZombieDog
	</csv>
	<csv xpath="/entitygroups/entitygroup[@name='animalZombieDog']/text()" delim="\n" op="add">
		zombiePartyGirl
	</csv>
	<csv xpath="/entitygroups/entitygroup[@name='ZombieFarmGroup']/text()" delim="\n" op="remove">
		animalZombieDog
	</csv>
	<csv xpath="/entitygroups/entitygroup[@name='ZombieAnimalsGroup']/text()" delim="\n" op="remove">
		animalZombieDog, .96
	</csv>
	<csv xpath="/entitygroups/entitygroup[@name='wanderingHordeStageGS41']/text()" delim="\n" op="remove">
		animalZombieDog, .05
	</csv>
	<csv xpath="/entitygroups/entitygroup[@name='wanderingHordeStageGS58']/text()" delim="\n" op="remove">
		animalZombieDog, .05
	</csv>
	<csv xpath="/entitygroups/entitygroup[@name='wanderingHordeStageGS64']/text()" delim="\n" op="remove">
		animalZombieDog, .05
	</csv>
	<csv xpath="/entitygroups/entitygroup[@name='wanderingHordeStageGS70']/text()" delim="\n" op="remove">
		animalZombieDog, .05
	</csv>
	<csv xpath="/entitygroups/entitygroup[@name='FwanderingHordeStageGS23']/text()" delim="\n" op="remove">
		animalZombieDog, .05
	</csv>
	<csv xpath="/entitygroups/entitygroup[@name='FwanderingHordeStageGS27']/text()" delim="\n" op="remove">
		animalZombieDog, .05
	</csv>
	<csv xpath="/entitygroups/entitygroup[@name='FwanderingHordeStageGS31']/text()" delim="\n" op="remove">
		animalZombieDog, .05
	</csv>
	<csv xpath="/entitygroups/entitygroup[@name='FwanderingHordeStageGS40']/text()" delim="\n" op="remove">
		animalZombieDog, .05
	</csv>
	<csv xpath="/entitygroups/entitygroup[@name='FwanderingHordeStageGS49']/text()" delim="\n" op="remove">
		animalZombieDog, .05
	</csv>
	<csv xpath="/entitygroups/entitygroup[@name='FwanderingHordeStageGS54']/text()" delim="\n" op="remove">
		animalZombieDog, .05
	</csv>
	<csv xpath="/entitygroups/entitygroup[@name='feralHordeStageGS40']/text()" delim="\n" op="remove">
		animalZombieDog
	</csv>
	<csv xpath="/entitygroups/entitygroup[@name='feralHordeStageGS44']/text()" delim="\n" op="remove">
		animalZombieDog
	</csv>
	<csv xpath="/entitygroups/entitygroup[@name='feralHordeStageGS49']/text()" delim="\n" op="remove">
		animalZombieDog
	</csv>
	<csv xpath="/entitygroups/entitygroup[@name='feralHordeStageGS59']/text()" delim="\n" op="remove">
		animalZombieDog
	</csv>
	<csv xpath="/entitygroups/entitygroup[@name='feralHordeStageGS74']/text()" delim="\n" op="remove">
		animalZombieDog
	</csv>
	<csv xpath="/entitygroups/entitygroup[@name='feralHordeStageGS127']/text()" delim="\n" op="remove">
		animalZombieDog
	</csv>
	<csv xpath="/entitygroups/entitygroup[@name='feralHordeStageGS255']/text()" delim="\n" op="remove">
		animalZombieDog
	</csv>
	<csv xpath="/entitygroups/entitygroup[@name='feralHordeStageGS263']/text()" delim="\n" op="remove">
		animalZombieDog
	</csv>
	<csv xpath="/entitygroups/entitygroup[@name='feralHordeStageGS304']/text()" delim="\n" op="remove">
		animalZombieDog
	</csv>
	<csv xpath="/entitygroups/entitygroup[@name='feralHordeStageGS329']/text()" delim="\n" op="remove">
		animalZombieDog
	</csv>
	<csv xpath="/entitygroups/entitygroup[@name='feralHordeStageGS389']/text()" delim="\n" op="remove">
		animalZombieDog
	</csv>
	<csv xpath="/entitygroups/entitygroup[@name='feralHordeStageGS407']/text()" delim="\n" op="remove">
		animalZombieDog
	</csv>
	<csv xpath="/entitygroups/entitygroup[@name='feralHordeStageGS444']/text()" delim="\n" op="remove">
		animalZombieDog
	</csv>
	<csv xpath="/entitygroups/entitygroup[@name='feralHordeStageGS453']/text()" delim="\n" op="remove">
		animalZombieDog
	</csv>
	<csv xpath="/entitygroups/entitygroup[@name='feralHordeStageGS482']/text()" delim="\n" op="remove">
		animalZombieDog
	</csv>
	<csv xpath="/entitygroups/entitygroup[@name='feralHordeStageGS491']/text()" delim="\n" op="remove">
		animalZombieDog
	</csv>
	<csv xpath="/entitygroups/entitygroup[@name='feralHordeStageGS550']/text()" delim="\n" op="remove">
		animalZombieDog
	</csv>
	<csv xpath="/entitygroups/entitygroup[@name='feralHordeStageGS651']/text()" delim="\n" op="remove">
		animalZombieDog
	</csv>
	<csv xpath="/entitygroups/entitygroup[@name='feralHordeStageGS683']/text()" delim="\n" op="remove">
		animalZombieDog
	</csv>
	<csv xpath="/entitygroups/entitygroup[@name='feralHordeStageGS693']/text()" delim="\n" op="remove">
		animalZombieDog
	</csv>
	<csv xpath="/entitygroups/entitygroup[@name='feralHordeStageGS704']/text()" delim="\n" op="remove">
		animalZombieDog
	</csv>
	<csv xpath="/entitygroups/entitygroup[@name='feralHordeStageGS736']/text()" delim="\n" op="remove">
		animalZombieDog
	</csv>
	<csv xpath="/entitygroups/entitygroup[@name='feralHordeStageGS858']/text()" delim="\n" op="remove">
		animalZombieDog
	</csv>
	<csv xpath="/entitygroups/entitygroup[@name='feralHordeStageGS951']/text()" delim="\n" op="remove">
		animalZombieDog
	</csv>
	<csv xpath="/entitygroups/entitygroup[@name='feralHordeStageGS974']/text()" delim="\n" op="remove">
		animalZombieDog
	</csv>
	<csv xpath="/entitygroups/entitygroup[@name='feralHordeStageGS1010']/text()" delim="\n" op="remove">
		animalZombieDog
	</csv>
	<csv xpath="/entitygroups/entitygroup[@name='feralHordeStageGS1022']/text()" delim="\n" op="remove">
		animalZombieDog
	</csv>
	<csv xpath="/entitygroups/entitygroup[@name='feralHordeStageGS1082']/text()" delim="\n" op="remove">
		animalZombieDog
	</csv>
	<csv xpath="/entitygroups/entitygroup[@name='feralHordeStageGS1106']/text()" delim="\n" op="remove">
		animalZombieDog
	</csv>
	<csv xpath="/entitygroups/entitygroup[@name='feralHordeStageGS1244']/text()" delim="\n" op="remove">
		animalZombieDog
	</csv>
	<csv xpath="/entitygroups/entitygroup[@name='feralHordeStageGS1347']/text()" delim="\n" op="remove">
		animalZombieDog
	</csv>
	<csv xpath="/entitygroups/entitygroup[@name='feralHordeStageGS1373']/text()" delim="\n" op="remove">
		animalZombieDog
	</csv>
	<csv xpath="/entitygroups/entitygroup[@name='feralHordeStageGS1386']/text()" delim="\n" op="remove">
		animalZombieDog
	</csv>
	<csv xpath="/entitygroups/entitygroup[@name='feralHordeStageGS1465']/text()" delim="\n" op="remove">
		animalZombieDog
	</csv>
	<csv xpath="/entitygroups/entitygroup[@name='feralHordeStageGS1533']/text()" delim="\n" op="remove">
		animalZombieDog
	</csv>
	<csv xpath="/entitygroups/entitygroup[@name='feralHordeStageGS1642']/text()" delim="\n" op="remove">
		animalZombieDog
	</csv>
	<csv xpath="/entitygroups/entitygroup[@name='feralHordeStageGS1656']/text()" delim="\n" op="remove">
		animalZombieDog
	</csv>
	<csv xpath="/entitygroups/entitygroup[@name='feralHordeStageGS1768']/text()" delim="\n" op="remove">
		animalZombieDog
	</csv>
	<csv xpath="/entitygroups/entitygroup[@name='feralHordeStageGS2073']/text()" delim="\n" op="remove">
		animalZombieDog
	</csv>
	<csv xpath="/entitygroups/entitygroup[@name='feralHordeStageGS2102']/text()" delim="\n" op="remove">
		animalZombieDog
	</csv>
	<csv xpath="/entitygroups/entitygroup[@name='feralHordeStageGS2147']/text()" delim="\n" op="remove">
		animalZombieDog
	</csv>
	<csv xpath="/entitygroups/entitygroup[@name='feralHordeStageGS2207']/text()" delim="\n" op="remove">
		animalZombieDog
	</csv>
	<csv xpath="/entitygroups/entitygroup[@name='feralHordeStageGS2314']/text()" delim="\n" op="remove">
		animalZombieDog
	</csv>
	<csv xpath="/entitygroups/entitygroup[@name='feralHordeStageGS2330']/text()" delim="\n" op="remove">
		animalZombieDog
	</csv>
	<csv xpath="/entitygroups/entitygroup[@name='feralHordeStageGS2596']/text()" delim="\n" op="remove">
		animalZombieDog
	</csv>
	<csv xpath="/entitygroups/entitygroup[@name='feralHordeStageGS2660']/text()" delim="\n" op="remove">
		animalZombieDog
	</csv>
	<csv xpath="/entitygroups/entitygroup[@name='feralHordeStageGS2756']/text()" delim="\n" op="remove">
		animalZombieDog
	</csv>
	<csv xpath="/entitygroups/entitygroup[@name='feralHordeStageGS2772']/text()" delim="\n" op="remove">
		animalZombieDog
	</csv>
	<csv xpath="/entitygroups/entitygroup[@name='feralHordeStageGS2854']/text()" delim="\n" op="remove">
		animalZombieDog
	</csv>
	<csv xpath="/entitygroups/entitygroup[@name='feralHordeStageGS2870']/text()" delim="\n" op="remove">
		animalZombieDog
	</csv>
	<csv xpath="/entitygroups/entitygroup[@name='feralHordeStageGS2920']/text()" delim="\n" op="remove">
		animalZombieDog
	</csv>
	<csv xpath="/entitygroups/entitygroup[@name='feralHordeStageGS2936']/text()" delim="\n" op="remove">
		animalZombieDog
	</csv>
	<csv xpath="/entitygroups/entitygroup[@name='feralHordeStageGS2986']/text()" delim="\n" op="remove">
		animalZombieDog
	</csv>
	<csv xpath="/entitygroups/entitygroup[@name='feralHordeStageGS3019']/text()" delim="\n" op="remove">
		animalZombieDog
	</csv>
	<csv xpath="/entitygroups/entitygroup[@name='feralHordeStageGS3120']/text()" delim="\n" op="remove">
		animalZombieDog
	</csv>
	<csv xpath="/entitygroups/entitygroup[@name='feralHordeStageGS3187']/text()" delim="\n" op="remove">
		animalZombieDog
	</csv>
	<csv xpath="/entitygroups/entitygroup[@name='feralHordeStageGS3221']/text()" delim="\n" op="remove">
		animalZombieDog
	</csv>
	<csv xpath="/entitygroups/entitygroup[@name='feralHordeStageGS3289']/text()" delim="\n" op="remove">
		animalZombieDog
	</csv>
	<csv xpath="/entitygroups/entitygroup[@name='feralHordeStageGS3427']/text()" delim="\n" op="remove">
		animalZombieDog
	</csv>
	<csv xpath="/entitygroups/entitygroup[@name='feralHordeStageGS3462']/text()" delim="\n" op="remove">
		animalZombieDog
	</csv>
	<csv xpath="/entitygroups/entitygroup[@name='feralHordeStageGS3619']/text()" delim="\n" op="remove">
		animalZombieDog
	</csv>
	<csv xpath="/entitygroups/entitygroup[@name='feralHordeStageGS3637']/text()" delim="\n" op="remove">
		animalZombieDog
	</csv>
	<csv xpath="/entitygroups/entitygroup[@name='feralHordeStageGS3672']/text()" delim="\n" op="remove">
		animalZombieDog
	</csv>
	<csv xpath="/entitygroups/entitygroup[@name='feralHordeStageGS3743']/text()" delim="\n" op="remove">
		animalZombieDog
	</csv>
	<csv xpath="/entitygroups/entitygroup[@name='feralHordeStageGS3958']/text()" delim="\n" op="remove">
		animalZombieDog
	</csv>
	<csv xpath="/entitygroups/entitygroup[@name='feralHordeStageGS3995']/text()" delim="\n" op="remove">
		animalZombieDog
	</csv>
	<csv xpath="/entitygroups/entitygroup[@name='feralHordeStageGS4031']/text()" delim="\n" op="remove">
		animalZombieDog
	</csv>
	<csv xpath="/entitygroups/entitygroup[@name='ZombieAnimalsGroup']/text()" delim="\n" op="add">
		none, 1
	</csv>

</CMsRemoveDogs>